clip,metric,camera_value,camera_confidence,sensor_row,tolerance,jan_mean,jan_sd,jan_min,jan_max,delta_jan,verdict_jan,jul_mean,jul_sd,jul_min,jul_max,delta_jul,verdict_jul
clipA_480x848,Front knee flexion at FFC,2.086999999999989,0.865,Front knee flexion @FFC (°),7,9.783333333333333,2.9465629695177618,6.62,12.45,-7.696333333333344,MODERATE,8.136666666666667,3.0354132063581276,5.49,11.45,-6.049666666666678,CLOSE
clipA_480x848,Bowling elbow angle at release,1.3549999999999898,0.466,Bowling elbow flexion @REL (°),5,24.14,21.56445223046484,6.5,48.18,-22.78500000000001,OFF,20.173333333333332,9.559248575768564,12.86,30.99,-18.818333333333342,OFF
clipA_480x848,Trunk lateral lean at release (vs. absolute trunk angle),38.254,0.849,Trunk frontal (abs) @REL (°),5,27.383333333333336,9.515620491241405,16.72,35.01,10.870666666666661,OFF,22.986666666666668,2.183239183720679,21.56,25.5,15.26733333333333,OFF
clipA_480x848,Trunk lateral lean at release (vs. pelvis-relative),22.922,0.849,Spine lateral flexion @REL (°) [trunk rel. pelvis],5,13.413333333333334,12.967996504215034,-0.66,24.88,9.508666666666667,MODERATE,4.763333333333333,4.821248109497511,1.42,10.29,18.15866666666667,OFF
clipA_480x848,Shoulder–hip separation at release (|EQ|),11.848,0.399,Shoulder–hip separation @REL (°),7,15.333333333333334,3.2707236711977568,13.43,19.11,-3.485333333333333,CLOSE,7.96,5.958011413214983,1.13,12.09,3.888000000000001,CLOSE
clipA_480x848,BFC→FFC time (ms),,,BFC→FFC (ms),25,140.0,112.69427669584645,,,,WITHHELD,176.66666666666666,20.81665999466133,,,,WITHHELD
clipA_480x848,FFC→release time (ms),166.6669999999999,,FFC→REL (ms),25,193.33333333333334,85.04900548115383,110.0,280.0,-26.666333333333455,MODERATE,103.33333333333333,15.275252316519467,90.0,120.0,63.33366666666656,OFF
clipB_1080x1920,Front knee flexion at FFC,7.2520000000000095,0.778,Front knee flexion @FFC (°),7,9.783333333333333,2.9465629695177618,6.62,12.45,-2.5313333333333237,CLOSE,8.136666666666667,3.0354132063581276,5.49,11.45,-0.8846666666666572,CLOSE
clipB_1080x1920,Bowling elbow angle at release,22.721000000000004,0.677,Bowling elbow flexion @REL (°),5,24.14,21.56445223046484,6.5,48.18,-1.418999999999997,CLOSE,20.173333333333332,9.559248575768564,12.86,30.99,2.5476666666666716,CLOSE
clipB_1080x1920,Trunk lateral lean at release (vs. absolute trunk angle),27.465,0.848,Trunk frontal (abs) @REL (°),5,27.383333333333336,9.515620491241405,16.72,35.01,0.08166666666666345,CLOSE,22.986666666666668,2.183239183720679,21.56,25.5,4.478333333333332,CLOSE
clipB_1080x1920,Trunk lateral lean at release (vs. pelvis-relative),24.245,0.848,Spine lateral flexion @REL (°) [trunk rel. pelvis],5,13.413333333333334,12.967996504215034,-0.66,24.88,10.831666666666667,OFF,4.763333333333333,4.821248109497511,1.42,10.29,19.48166666666667,OFF
clipB_1080x1920,Shoulder–hip separation at release (|EQ|),24.258,0.399,Shoulder–hip separation @REL (°),7,15.333333333333334,3.2707236711977568,13.43,19.11,8.924666666666665,MODERATE,7.96,5.958011413214983,1.13,12.09,16.298,OFF
clipB_1080x1920,BFC→FFC time (ms),,,BFC→FFC (ms),25,140.0,112.69427669584645,,,,WITHHELD,176.66666666666666,20.81665999466133,,,,WITHHELD
clipB_1080x1920,FFC→release time (ms),200.00000000000017,,FFC→REL (ms),25,193.33333333333334,85.04900548115383,110.0,280.0,6.666666666666828,CLOSE,103.33333333333333,15.275252316519467,90.0,120.0,96.66666666666684,OFF
